timestamp_utc,temperature_C,cloudiness_%,weather_description,sunrise_utc,sunset_utc
2025-09-04T18:56:50.233191,17.15,20,shower rain,2025-09-04T04:44:34,2025-09-04T17:59:59
2025-09-04T19:26:50.408560,17.04,20,light intensity shower rain,2025-09-04T04:44:34,2025-09-04T17:59:59
2025-09-04T19:56:50.605262,17.04,20,light intensity shower rain,2025-09-04T04:44:34,2025-09-04T17:59:59
2025-09-04T20:26:50.776706,16.95,20,shower rain,2025-09-04T04:44:34,2025-09-04T17:59:59
2025-09-04T20:56:50.963700,16.04,20,shower rain,2025-09-04T04:44:34,2025-09-04T17:59:59
2025-09-04T21:26:51.151983,16.04,20,light intensity shower rain,2025-09-04T04:44:34,2025-09-04T17:59:59
2025-09-04T21:56:51.337756,16.04,0,clear sky,2025-09-04T04:44:34,2025-09-04T17:59:59
2025-09-04T22:26:51.507533,15.96,0,clear sky,2025-09-05T04:45:57,2025-09-05T17:57:55
2025-09-04T22:56:51.667161,15.06,0,clear sky,2025-09-05T04:45:58,2025-09-05T17:57:55
2025-09-04T23:26:51.848134,15.9,0,clear sky,2025-09-05T04:45:57,2025-09-05T17:57:55
2025-09-04T23:56:52.038194,15.06,20,few clouds,2025-09-05T04:45:57,2025-09-05T17:57:55
2025-09-05T00:26:52.231155,14.97,20,few clouds,2025-09-05T04:45:57,2025-09-05T17:57:55
2025-09-05T00:56:52.426330,15.06,75,broken clouds,2025-09-05T04:45:57,2025-09-05T17:57:55
2025-09-05T01:26:52.615733,15.06,0,clear sky,2025-09-05T04:45:57,2025-09-05T17:57:55
2025-09-05T01:56:52.830828,15.06,0,clear sky,2025-09-05T04:45:57,2025-09-05T17:57:55
2025-09-05T02:26:53.006455,15.06,0,clear sky,2025-09-05T04:45:57,2025-09-05T17:57:55
2025-09-05T02:56:53.181585,15.02,0,clear sky,2025-09-05T04:45:57,2025-09-05T17:57:55
2025-09-05T03:26:53.371276,14.93,0,clear sky,2025-09-05T04:45:57,2025-09-05T17:57:55
2025-09-05T03:56:53.546293,13.21,0,clear sky,2025-09-05T04:45:57,2025-09-05T17:57:55
2025-09-05T04:26:53.729618,13.21,0,clear sky,2025-09-05T04:45:57,2025-09-05T17:57:55
2025-09-05T04:56:53.902034,13.12,0,clear sky,2025-09-05T04:45:57,2025-09-05T17:57:55
2025-09-05T05:26:54.084207,13.12,0,clear sky,2025-09-05T04:45:57,2025-09-05T17:57:55
2025-09-05T05:56:54.281671,13.21,0,clear sky,2025-09-05T04:45:57,2025-09-05T17:57:55
2025-09-05T06:26:54.455740,14.23,20,few clouds,2025-09-05T04:45:57,2025-09-05T17:57:55
2025-09-05T06:56:54.652396,15.05,20,few clouds,2025-09-05T04:45:57,2025-09-05T17:57:55
2025-09-05T07:26:54.874758,15.05,20,few clouds,2025-09-05T04:45:57,2025-09-05T17:57:55
2025-09-05T07:56:55.124964,15.02,0,clear sky,2025-09-05T04:45:57,2025-09-05T17:57:55
2025-09-05T08:26:55.317437,15.14,0,clear sky,2025-09-05T04:45:57,2025-09-05T17:57:55
2025-09-05T08:56:55.525683,15.14,0,clear sky,2025-09-05T04:45:57,2025-09-05T17:57:55
2025-09-05T09:26:55.751481,15.25,0,clear sky,2025-09-05T04:45:57,2025-09-05T17:57:55
2025-09-05T09:56:55.926486,15.25,20,few clouds,2025-09-05T04:45:57,2025-09-05T17:57:55
2025-09-05T10:26:56.110487,16.36,20,few clouds,2025-09-05T04:45:57,2025-09-05T17:57:55
2025-09-05T10:56:56.527654,16.26,75,broken clouds,2025-09-05T04:45:58,2025-09-05T17:57:55
2025-09-05T11:26:56.724946,17.28,75,broken clouds,2025-09-05T04:45:57,2025-09-05T17:57:55
2025-09-05T11:56:56.917283,17.5,75,broken clouds,2025-09-05T04:45:57,2025-09-05T17:57:55
2025-09-05T12:26:57.075463,18.47,75,broken clouds,2025-09-05T04:45:57,2025-09-05T17:57:55
2025-09-05T12:56:57.273761,18.27,40,scattered clouds,2025-09-05T04:45:57,2025-09-05T17:57:55
2025-09-05T13:26:57.452449,16.97,75,broken clouds,2025-09-05T04:45:57,2025-09-05T17:57:55
2025-09-05T13:56:57.667709,18.18,20,light intensity shower rain,2025-09-05T04:45:57,2025-09-05T17:57:55
2025-09-05T14:26:57.841877,18.23,20,few clouds,2025-09-05T04:45:58,2025-09-05T17:57:55
2025-09-05T14:56:58.041204,18.21,20,shower rain,2025-09-05T04:45:57,2025-09-05T17:57:55
2025-09-05T15:26:58.231137,17.41,20,few clouds,2025-09-05T04:45:57,2025-09-05T17:57:55
2025-09-05T15:56:58.427167,17.41,20,shower rain,2025-09-05T04:45:57,2025-09-05T17:57:55
2025-09-05T16:26:58.634462,18.24,20,few clouds,2025-09-05T04:45:57,2025-09-05T17:57:55
2025-09-05T16:56:58.820420,18.12,20,few clouds,2025-09-05T04:45:58,2025-09-05T17:57:55
2025-09-05T17:26:58.994935,17.9,0,clear sky,2025-09-05T04:45:58,2025-09-05T17:57:55
2025-09-05T17:56:59.185525,17.75,0,clear sky,2025-09-05T04:45:57,2025-09-05T17:57:55
2025-09-05T18:26:59.384590,15.96,0,clear sky,2025-09-05T04:45:57,2025-09-05T17:57:55
2025-09-05T18:56:59.576694,15.11,0,clear sky,2025-09-05T04:45:57,2025-09-05T17:57:55
2025-09-05T19:26:59.783143,14.14,0,clear sky,2025-09-05T04:45:57,2025-09-05T17:57:55
2025-09-05T19:56:59.940543,13.26,0,clear sky,2025-09-05T04:45:57,2025-09-05T17:57:55
2025-09-05T20:27:00.137025,13.13,0,clear sky,2025-09-05T04:45:57,2025-09-05T17:57:55
2025-09-05T20:57:00.327127,12.1,0,clear sky,2025-09-05T04:45:57,2025-09-05T17:57:55
2025-09-05T21:27:00.514435,12.16,0,clear sky,2025-09-05T04:45:57,2025-09-05T17:57:55
2025-09-05T21:57:00.748155,11.17,0,clear sky,2025-09-05T04:45:57,2025-09-05T17:57:55
2025-09-05T22:27:00.951514,11.08,0,clear sky,2025-09-06T04:47:21,2025-09-06T17:55:50
2025-09-05T22:57:01.134568,11.08,0,clear sky,2025-09-06T04:47:21,2025-09-06T17:55:50
2025-09-05T23:27:01.287820,10.15,0,clear sky,2025-09-06T04:47:21,2025-09-06T17:55:50
2025-09-05T23:57:01.459666,10.15,0,clear sky,2025-09-06T04:47:21,2025-09-06T17:55:50
2025-09-06T00:27:01.648831,10.06,0,clear sky,2025-09-06T04:47:21,2025-09-06T17:55:50
2025-09-06T00:57:01.827669,9.23,0,clear sky,2025-09-06T04:47:21,2025-09-06T17:55:50
2025-09-06T01:27:01.982211,9.14,20,mist,2025-09-06T04:47:21,2025-09-06T17:55:50
2025-09-06T01:57:02.174384,9.04,20,fog,2025-09-06T04:47:21,2025-09-06T17:55:50
2025-09-06T02:27:02.320002,9.04,0,clear sky,2025-09-06T04:47:21,2025-09-06T17:55:50
2025-09-06T02:57:02.506260,8.21,20,fog,2025-09-06T04:47:21,2025-09-06T17:55:50
2025-09-06T03:27:02.715510,8.12,20,mist,2025-09-06T04:47:21,2025-09-06T17:55:50
2025-09-06T03:57:02.911664,7.19,20,few clouds,2025-09-06T04:47:21,2025-09-06T17:55:50
2025-09-06T04:27:03.110376,8.03,20,mist,2025-09-06T04:47:21,2025-09-06T17:55:50
2025-09-06T04:57:03.307106,7.19,20,mist,2025-09-06T04:47:21,2025-09-06T17:55:50
2025-09-06T05:27:03.498751,7.1,40,fog,2025-09-06T04:47:21,2025-09-06T17:55:50
2025-09-06T05:57:03.698726,7.37,40,fog,2025-09-06T04:47:21,2025-09-06T17:55:50
2025-09-06T06:27:03.886955,8.3,40,fog,2025-09-06T04:47:21,2025-09-06T17:55:50
2025-09-06T06:57:04.066820,9.14,20,few clouds,2025-09-06T04:47:21,2025-09-06T17:55:50
2025-09-06T07:27:04.249288,11.36,20,few clouds,2025-09-06T04:47:21,2025-09-06T17:55:50
2025-09-06T07:57:04.446324,13.29,0,clear sky,2025-09-06T04:47:21,2025-09-06T17:55:50
2025-09-06T08:27:04.631399,14.49,0,clear sky,2025-09-06T04:47:21,2025-09-06T17:55:50
2025-09-06T08:57:04.802636,15.55,0,clear sky,2025-09-06T04:47:21,2025-09-06T17:55:51
2025-09-06T09:27:04.978429,16.23,0,clear sky,2025-09-06T04:47:21,2025-09-06T17:55:50
2025-09-06T09:57:05.165521,17.76,0,clear sky,2025-09-06T04:47:21,2025-09-06T17:55:50
2025-09-06T10:27:05.343531,18.67,0,clear sky,2025-09-06T04:47:21,2025-09-06T17:55:50
2025-09-06T10:57:05.528936,19.58,0,clear sky,2025-09-06T04:47:21,2025-09-06T17:55:50
2025-09-06T11:27:05.738632,20.49,20,few clouds,2025-09-06T04:47:21,2025-09-06T17:55:50
2025-09-06T11:57:05.931347,21.36,20,few clouds,2025-09-06T04:47:21,2025-09-06T17:55:50
2025-09-06T12:27:06.109217,21.54,20,few clouds,2025-09-06T04:47:21,2025-09-06T17:55:50
2025-09-06T12:57:06.295996,21.48,20,few clouds,2025-09-06T04:47:21,2025-09-06T17:55:50
2025-09-06T13:27:06.477974,21.48,0,clear sky,2025-09-06T04:47:21,2025-09-06T17:55:50
2025-09-06T13:57:06.658192,22.28,0,clear sky,2025-09-06T04:47:21,2025-09-06T17:55:50
2025-09-06T14:27:06.831120,22.1,0,clear sky,2025-09-06T04:47:21,2025-09-06T17:55:50
2025-09-06T14:57:07.011878,22.1,0,clear sky,2025-09-06T04:47:21,2025-09-06T17:55:50
2025-09-06T15:27:07.199461,21.92,0,clear sky,2025-09-06T04:47:21,2025-09-06T17:55:50
2025-09-06T15:57:07.394785,21.02,0,clear sky,2025-09-06T04:47:21,2025-09-06T17:55:50
2025-09-06T16:27:07.581752,21.05,0,clear sky,2025-09-06T04:47:21,2025-09-06T17:55:50
2025-09-06T16:57:07.774387,20.14,0,clear sky,2025-09-06T04:47:21,2025-09-06T17:55:50
2025-09-06T17:27:07.943088,19.99,0,clear sky,2025-09-06T04:47:21,2025-09-06T17:55:50
2025-09-06T17:57:08.095976,19.04,0,clear sky,2025-09-06T04:47:21,2025-09-06T17:55:50
2025-09-06T18:27:08.279471,17.1,0,clear sky,2025-09-06T04:47:21,2025-09-06T17:55:50
2025-09-06T18:57:08.479430,16.12,0,clear sky,2025-09-06T04:47:21,2025-09-06T17:55:50
2025-09-06T19:27:08.655309,15.15,0,clear sky,2025-09-06T04:47:21,2025-09-06T17:55:50
2025-09-06T19:57:08.833058,14.49,0,clear sky,2025-09-06T04:47:21,2025-09-06T17:55:50
2025-09-06T20:27:09.023522,14.32,0,clear sky,2025-09-06T04:47:21,2025-09-06T17:55:50
2025-09-06T20:57:09.193143,14.22,0,clear sky,2025-09-06T04:47:21,2025-09-06T17:55:51
2025-09-06T21:27:09.387207,14.14,0,clear sky,2025-09-06T04:47:21,2025-09-06T17:55:50
2025-09-06T21:57:09.589555,13.3,0,clear sky,2025-09-06T04:47:21,2025-09-06T17:55:50
2025-09-06T22:27:09.749189,13.21,0,clear sky,2025-09-07T04:48:44,2025-09-07T17:53:45
2025-09-06T22:57:09.939611,13.21,0,clear sky,2025-09-07T04:48:44,2025-09-07T17:53:45
2025-09-06T23:27:10.133477,12.28,0,clear sky,2025-09-07T04:48:44,2025-09-07T17:53:46
2025-09-06T23:57:10.318999,12.19,0,clear sky,2025-09-07T04:48:44,2025-09-07T17:53:45
2025-09-07T00:27:10.500297,11.27,0,clear sky,2025-09-07T04:48:44,2025-09-07T17:53:45
2025-09-07T00:57:10.692628,11.17,0,clear sky,2025-09-07T04:48:44,2025-09-07T17:53:45
2025-09-07T01:27:10.852043,11.08,0,clear sky,2025-09-07T04:48:44,2025-09-07T17:53:45
2025-09-07T01:57:11.035135,10.25,0,clear sky,2025-09-07T04:48:44,2025-09-07T17:53:45
2025-09-07T02:27:11.222361,9.31,0,clear sky,2025-09-07T04:48:44,2025-09-07T17:53:46
2025-09-07T02:57:11.406432,10.06,0,clear sky,2025-09-07T04:48:44,2025-09-07T17:53:45
2025-09-07T03:27:11.593623,10.06,0,clear sky,2025-09-07T04:48:44,2025-09-07T17:53:45
2025-09-07T03:57:11.778127,9.23,0,clear sky,2025-09-07T04:48:44,2025-09-07T17:53:45
2025-09-07T04:27:11.972791,9.14,0,clear sky,2025-09-07T04:48:44,2025-09-07T17:53:45
2025-09-07T04:57:12.153494,9.04,0,clear sky,2025-09-07T04:48:44,2025-09-07T17:53:45
2025-09-07T05:27:12.306323,9.04,0,clear sky,2025-09-07T04:48:44,2025-09-07T17:53:45
2025-09-07T05:57:12.480002,9.14,0,clear sky,2025-09-07T04:48:44,2025-09-07T17:53:45
2025-09-07T06:27:12.652458,9.23,0,clear sky,2025-09-07T04:48:44,2025-09-07T17:53:45
2025-09-07T06:57:12.817657,11.14,0,clear sky,2025-09-07T04:48:44,2025-09-07T17:53:45
2025-09-07T07:27:13.003429,12.3,0,clear sky,2025-09-07T04:48:44,2025-09-07T17:53:45
2025-09-07T07:57:13.187127,13.27,0,clear sky,2025-09-07T04:48:44,2025-09-07T17:53:45
2025-09-07T08:27:13.347134,15.25,0,clear sky,2025-09-07T04:48:44,2025-09-07T17:53:45
2025-09-07T08:57:13.526636,15.32,0,clear sky,2025-09-07T04:48:44,2025-09-07T17:53:45
2025-09-07T09:27:13.713458,17.3,0,clear sky,2025-09-07T04:48:44,2025-09-07T17:53:45
2025-09-07T09:57:13.897999,19.31,100,overcast clouds,2025-09-07T04:48:44,2025-09-07T17:53:45
2025-09-07T10:27:14.090482,20.7,100,overcast clouds,2025-09-07T04:48:44,2025-09-07T17:53:45
2025-09-07T10:57:14.273291,22.09,100,overcast clouds,2025-09-07T04:48:44,2025-09-07T17:53:45
2025-09-07T11:27:14.453078,20.66,0,clear sky,2025-09-07T04:48:44,2025-09-07T17:53:45
2025-09-07T11:57:14.681252,21.19,0,clear sky,2025-09-07T04:48:44,2025-09-07T17:53:45
2025-09-07T12:27:14.831314,21.74,0,clear sky,2025-09-07T04:48:44,2025-09-07T17:53:45
2025-09-07T12:57:15.018014,22.56,0,clear sky,2025-09-07T04:48:44,2025-09-07T17:53:45
2025-09-07T13:27:15.178615,23.47,0,clear sky,2025-09-07T04:48:44,2025-09-07T17:53:45
2025-09-07T13:57:15.363819,23.38,0,clear sky,2025-09-07T04:48:44,2025-09-07T17:53:45
2025-09-07T14:27:15.764451,24.18,0,clear sky,2025-09-07T04:48:44,2025-09-07T17:53:46
2025-09-07T14:57:15.956374,24.09,0,clear sky,2025-09-07T04:48:44,2025-09-07T17:53:45
2025-09-07T15:27:16.132328,24.9,0,clear sky,2025-09-07T04:48:44,2025-09-07T17:53:46
2025-09-07T15:57:16.304805,24.79,0,clear sky,2025-09-07T04:48:44,2025-09-07T17:53:46
2025-09-07T16:27:16.500185,23.97,0,clear sky,2025-09-07T04:48:44,2025-09-07T17:53:45
2025-09-07T16:57:16.755038,23.04,0,clear sky,2025-09-07T04:48:44,2025-09-07T17:53:45
2025-09-07T17:27:16.942377,22.83,0,clear sky,2025-09-07T04:48:44,2025-09-07T17:53:45
2025-09-07T17:57:17.131690,21.14,0,clear sky,2025-09-07T04:48:44,2025-09-07T17:53:45
2025-09-07T18:27:17.322031,21.14,0,clear sky,2025-09-07T04:48:44,2025-09-07T17:53:46
2025-09-07T18:57:17.540449,19.14,0,clear sky,2025-09-07T04:48:44,2025-09-07T17:53:45
2025-09-07T19:27:17.748641,18.21,0,clear sky,2025-09-07T04:48:44,2025-09-07T17:53:45
2025-09-07T19:57:17.967902,17.28,0,clear sky,2025-09-07T04:48:44,2025-09-07T17:53:45
2025-09-07T20:27:18.134025,16.36,0,clear sky,2025-09-07T04:48:44,2025-09-07T17:53:45
2025-09-07T20:57:18.321954,16.27,0,clear sky,2025-09-07T04:48:44,2025-09-07T17:53:45
2025-09-07T21:27:18.555049,15.25,0,clear sky,2025-09-07T04:48:44,2025-09-07T17:53:45
2025-09-07T21:57:18.736899,14.32,0,clear sky,2025-09-07T04:48:44,2025-09-07T17:53:45
2025-09-07T22:27:18.923887,14.23,0,clear sky,2025-09-08T04:50:07,2025-09-08T17:51:40
2025-09-07T22:57:19.096040,13.38,0,clear sky,2025-09-08T04:50:08,2025-09-08T17:51:41
2025-09-07T23:27:19.274072,14.04,0,clear sky,2025-09-08T04:50:07,2025-09-08T17:51:40
2025-09-07T23:57:19.468367,13.12,0,clear sky,2025-09-08T04:50:07,2025-09-08T17:51:40
2025-09-08T00:27:19.749585,13.12,0,clear sky,2025-09-08T04:50:07,2025-09-08T17:51:40
2025-09-08T00:57:19.946649,13.03,0,clear sky,2025-09-08T04:50:07,2025-09-08T17:51:40
2025-09-08T01:27:20.107262,12.19,0,clear sky,2025-09-08T04:50:07,2025-09-08T17:51:40
2025-09-08T01:57:20.294366,12.19,0,clear sky,2025-09-08T04:50:07,2025-09-08T17:51:40
2025-09-08T02:27:20.468490,12.1,0,clear sky,2025-09-08T04:50:07,2025-09-08T17:51:40
2025-09-08T02:57:20.666940,12.1,0,clear sky,2025-09-08T04:50:07,2025-09-08T17:51:40
2025-09-08T03:27:20.845262,11.26,35,mist,2025-09-08T04:50:08,2025-09-08T17:51:41
2025-09-08T03:57:21.035813,12.1,0,clear sky,2025-09-08T04:50:07,2025-09-08T17:51:40
2025-09-08T04:27:21.210962,12.1,0,clear sky,2025-09-08T04:50:07,2025-09-08T17:51:40
2025-09-08T04:57:21.397767,11.27,0,clear sky,2025-09-08T04:50:07,2025-09-08T17:51:40
2025-09-08T05:27:21.591626,11.27,0,clear sky,2025-09-08T04:50:07,2025-09-08T17:51:40
2025-09-08T05:57:21.770132,12.28,0,clear sky,2025-09-08T04:50:07,2025-09-08T17:51:40
2025-09-08T06:27:21.943752,12.37,0,clear sky,2025-09-08T04:50:07,2025-09-08T17:51:40
2025-09-08T06:57:22.126272,13.14,0,clear sky,2025-09-08T04:50:07,2025-09-08T17:51:40
2025-09-08T07:27:22.310437,14.32,0,clear sky,2025-09-08T04:50:07,2025-09-08T17:51:40
2025-09-08T07:57:22.490904,15.14,0,clear sky,2025-09-08T04:50:08,2025-09-08T17:51:41
2025-09-08T08:27:22.641283,16.45,20,few clouds,2025-09-08T04:50:07,2025-09-08T17:51:40
2025-09-08T08:57:22.795046,20.81,96,overcast clouds,2025-09-08T04:50:07,2025-09-08T17:51:40
2025-09-08T09:27:23.021158,18.93,0,clear sky,2025-09-08T04:50:07,2025-09-08T17:51:40
2025-09-08T09:57:23.177338,21.92,97,overcast clouds,2025-09-08T04:50:07,2025-09-08T17:51:40
2025-09-08T10:27:23.342248,20.63,20,few clouds,2025-09-08T04:50:07,2025-09-08T17:51:40
2025-09-08T10:57:23.522850,23.34,97,overcast clouds,2025-09-08T04:50:07,2025-09-08T17:51:40
2025-09-08T11:27:23.713142,22.3,0,clear sky,2025-09-08T04:50:07,2025-09-08T17:51:40
2025-09-08T11:57:23.917043,22.98,0,light rain,2025-09-08T04:50:07,2025-09-08T17:51:40
2025-09-08T12:27:24.082987,22.83,75,light intensity shower rain,2025-09-08T04:50:07,2025-09-08T17:51:40
2025-09-08T12:57:24.254517,21.87,20,light intensity shower rain,2025-09-08T04:50:07,2025-09-08T17:51:40
2025-09-08T13:27:24.427462,21.07,20,heavy intensity rain,2025-09-08T04:50:07,2025-09-08T17:51:40
2025-09-08T13:57:24.626908,20.17,20,light intensity shower rain,2025-09-08T04:50:07,2025-09-08T17:51:40
2025-09-08T14:27:24.819361,20.17,20,light intensity shower rain,2025-09-08T04:50:07,2025-09-08T17:51:40
2025-09-08T14:57:25.013429,20.14,20,few clouds,2025-09-08T04:50:07,2025-09-08T17:51:40
2025-09-08T15:27:25.235562,19.25,40,scattered clouds,2025-09-08T04:50:08,2025-09-08T17:51:41
2025-09-08T15:57:25.406994,19.26,75,broken clouds,2025-09-08T04:50:07,2025-09-08T17:51:40
2025-09-08T16:27:25.586444,19.23,75,broken clouds,2025-09-08T04:50:08,2025-09-08T17:51:41
2025-09-08T16:57:25.746599,19.14,40,scattered clouds,2025-09-08T04:50:07,2025-09-08T17:51:40
2025-09-08T17:27:25.954579,19.15,40,scattered clouds,2025-09-08T04:50:07,2025-09-08T17:51:40
2025-09-08T17:57:26.161871,18.17,40,scattered clouds,2025-09-08T04:50:07,2025-09-08T17:51:40
2025-09-08T18:27:26.388343,18.21,75,broken clouds,2025-09-08T04:50:07,2025-09-08T17:51:40
2025-09-08T18:57:26.560500,18.12,100,overcast clouds,2025-09-08T04:50:07,2025-09-08T17:51:40
2025-09-08T19:27:26.737296,17.3,75,broken clouds,2025-09-08T04:50:07,2025-09-08T17:51:40
2025-09-08T19:57:26.924686,16.51,20,mist,2025-09-08T04:50:07,2025-09-08T17:51:40
2025-09-08T20:27:27.087867,16.54,20,few clouds,2025-09-08T04:50:07,2025-09-08T17:51:40
2025-09-08T20:57:27.258789,16.45,75,broken clouds,2025-09-08T04:50:07,2025-09-08T17:51:40
2025-09-08T21:27:27.475544,16.31,75,broken clouds,2025-09-08T04:50:07,2025-09-08T17:51:40
2025-09-08T21:57:27.686570,17.01,100,overcast clouds,2025-09-08T04:50:07,2025-09-08T17:51:40
2025-09-08T22:27:27.865453,16.1,100,overcast clouds,2025-09-09T04:51:31,2025-09-09T17:49:34
2025-09-08T22:57:28.044899,16.9,100,mist,2025-09-09T04:51:31,2025-09-09T17:49:34
2025-09-08T23:27:28.232034,16.9,100,mist,2025-09-09T04:51:31,2025-09-09T17:49:34
2025-09-08T23:57:28.416447,16.9,75,broken clouds,2025-09-09T04:51:31,2025-09-09T17:49:34
2025-09-09T00:27:28.615329,16.9,75,mist,2025-09-09T04:51:31,2025-09-09T17:49:34
2025-09-09T00:57:28.787589,16.13,100,mist,2025-09-09T04:51:31,2025-09-09T17:49:34
2025-09-09T01:27:28.970439,16.13,75,mist,2025-09-09T04:51:31,2025-09-09T17:49:34
2025-09-09T01:57:29.167570,16.13,100,fog,2025-09-09T04:51:31,2025-09-09T17:49:34
2025-09-09T02:27:29.358951,16.08,100,fog,2025-09-09T04:51:31,2025-09-09T17:49:34
2025-09-09T02:57:29.562475,16.08,75,fog,2025-09-09T04:51:31,2025-09-09T17:49:34
2025-09-09T03:27:29.760083,16.08,75,mist,2025-09-09T04:51:31,2025-09-09T17:49:34
2025-09-09T03:57:29.943736,16.08,100,overcast clouds,2025-09-09T04:51:31,2025-09-09T17:49:34
2025-09-09T04:27:30.123833,16.08,100,overcast clouds,2025-09-09T04:51:31,2025-09-09T17:49:34
2025-09-09T04:57:30.276819,15.34,75,broken clouds,2025-09-09T04:51:31,2025-09-09T17:49:34
2025-09-09T05:27:30.457509,15.32,75,broken clouds,2025-09-09T04:51:31,2025-09-09T17:49:35
2025-09-09T05:57:30.631334,15.34,20,few clouds,2025-09-09T04:51:31,2025-09-09T17:49:34
2025-09-09T06:27:30.801455,15.34,20,few clouds,2025-09-09T04:51:31,2025-09-09T17:49:34
2025-09-09T06:57:30.983166,16.13,100,light rain,2025-09-09T04:51:31,2025-09-09T17:49:34
2025-09-09T07:27:31.159699,15.32,20,light intensity shower rain,2025-09-09T04:51:31,2025-09-09T17:49:35
2025-09-09T07:57:31.333917,16.13,20,light intensity shower rain,2025-09-09T04:51:31,2025-09-09T17:49:34
2025-09-09T08:27:31.541235,16.13,75,shower rain,2025-09-09T04:51:31,2025-09-09T17:49:34
2025-09-09T08:57:31.706073,16.22,75,heavy intensity shower rain,2025-09-09T04:51:31,2025-09-09T17:49:34
2025-09-09T09:27:31.896106,16.19,75,shower rain,2025-09-09T04:51:31,2025-09-09T17:49:34
2025-09-09T09:57:32.049779,16.1,75,shower rain,2025-09-09T04:51:31,2025-09-09T17:49:34
2025-09-09T10:27:32.251537,16.21,75,broken clouds,2025-09-09T04:51:31,2025-09-09T17:49:35
2025-09-09T10:57:32.402284,16.33,75,broken clouds,2025-09-09T04:51:31,2025-09-09T17:49:34
2025-09-09T11:27:32.588456,17.13,75,broken clouds,2025-09-09T04:51:31,2025-09-09T17:49:34
2025-09-09T11:57:32.784757,17.21,75,broken clouds,2025-09-09T04:51:31,2025-09-09T17:49:34
2025-09-09T12:27:32.980230,17.21,75,broken clouds,2025-09-09T04:51:31,2025-09-09T17:49:34
2025-09-09T12:57:33.142142,18.03,75,broken clouds,2025-09-09T04:51:31,2025-09-09T17:49:34
2025-09-09T13:58:09.953942,19.06,75,broken clouds,2025-09-09T04:51:31,2025-09-09T17:49:34
2025-09-09T14:28:10.103504,19.1,75,broken clouds,2025-09-09T04:51:31,2025-09-09T17:49:34
2025-09-09T14:58:10.283012,19.03,40,scattered clouds,2025-09-09T04:51:31,2025-09-09T17:49:34
2025-09-09T15:28:10.473289,19.91,20,few clouds,2025-09-09T04:51:31,2025-09-09T17:49:34
2025-09-09T15:58:10.653439,19.82,40,scattered clouds,2025-09-09T04:51:31,2025-09-09T17:49:34
2025-09-09T16:28:10.835718,19.79,40,scattered clouds,2025-09-09T04:51:31,2025-09-09T17:49:34
2025-09-09T16:58:11.018673,19,75,broken clouds,2025-09-09T04:51:31,2025-09-09T17:49:34
2025-09-09T17:28:11.230694,18.18,20,few clouds,2025-09-09T04:51:31,2025-09-09T17:49:34
2025-09-09T17:58:11.465436,18.1,20,few clouds,2025-09-09T04:51:31,2025-09-09T17:49:34
2025-09-09T18:28:11.686829,16.15,20,few clouds,2025-09-09T04:51:31,2025-09-09T17:49:34
2025-09-09T18:58:11.869246,15.14,0,clear sky,2025-09-09T04:51:31,2025-09-09T17:49:34
2025-09-09T19:28:12.058276,15.11,0,clear sky,2025-09-09T04:51:31,2025-09-09T17:49:34
2025-09-09T19:58:12.267385,14.14,0,clear sky,2025-09-09T04:51:31,2025-09-09T17:49:34
2025-09-09T20:28:12.458986,14.08,0,clear sky,2025-09-09T04:51:31,2025-09-09T17:49:34
2025-09-09T20:58:12.661339,13.12,0,clear sky,2025-09-09T04:51:31,2025-09-09T17:49:34
2025-09-09T21:28:12.858472,12.39,0,clear sky,2025-09-09T04:51:31,2025-09-09T17:49:34
2025-09-09T21:58:13.058168,12.19,0,clear sky,2025-09-09T04:51:31,2025-09-09T17:49:34
2025-09-09T22:28:13.249762,12.1,0,clear sky,2025-09-10T04:52:54,2025-09-10T17:47:28
2025-09-09T22:58:13.464195,11.17,0,clear sky,2025-09-10T04:52:54,2025-09-10T17:47:28
2025-09-09T23:28:13.655735,11.17,0,clear sky,2025-09-10T04:52:54,2025-09-10T17:47:28
2025-09-09T23:58:13.804889,11.17,0,clear sky,2025-09-10T04:52:54,2025-09-10T17:47:28
2025-09-10T00:28:13.990372,11.08,0,clear sky,2025-09-10T04:52:54,2025-09-10T17:47:28
2025-09-10T00:58:14.143775,11.08,0,clear sky,2025-09-10T04:52:54,2025-09-10T17:47:28
2025-09-10T01:28:14.321048,10.99,20,few clouds,2025-09-10T04:52:54,2025-09-10T17:47:28
2025-09-10T01:58:14.519427,10.15,40,mist,2025-09-10T04:52:54,2025-09-10T17:47:28
2025-09-10T02:28:14.697659,11.08,100,fog,2025-09-10T04:52:54,2025-09-10T17:47:29
2025-09-10T02:58:14.866139,10.99,100,fog,2025-09-10T04:52:54,2025-09-10T17:47:28
2025-09-10T03:28:15.057390,10.15,100,fog,2025-09-10T04:52:54,2025-09-10T17:47:28
2025-09-10T03:58:15.209754,10.24,75,fog,2025-09-10T04:52:54,2025-09-10T17:47:29
2025-09-10T04:28:15.391255,11.08,40,fog,2025-09-10T04:52:54,2025-09-10T17:47:28
2025-09-10T04:58:15.588837,11.08,40,fog,2025-09-10T04:52:54,2025-09-10T17:47:28
2025-09-10T05:28:15.743309,11.08,20,few clouds,2025-09-10T04:52:54,2025-09-10T17:47:28
2025-09-10T05:58:15.895611,11.08,20,few clouds,2025-09-10T04:52:54,2025-09-10T17:47:28
2025-09-10T06:28:16.094138,11.08,20,light rain,2025-09-10T04:52:54,2025-09-10T17:47:28
2025-09-10T06:58:16.293567,11.17,20,moderate rain,2025-09-10T04:52:54,2025-09-10T17:47:28
2025-09-10T07:28:16.490255,12.01,20,light intensity shower rain,2025-09-10T04:52:54,2025-09-10T17:47:28
2025-09-10T07:58:16.684261,12.14,20,light intensity shower rain,2025-09-10T04:52:54,2025-09-10T17:47:28
2025-09-10T08:28:16.871030,12.14,20,light intensity shower rain,2025-09-10T04:52:54,2025-09-10T17:47:28
2025-09-10T08:58:17.064749,12.14,40,heavy intensity rain,2025-09-10T04:52:54,2025-09-10T17:47:28
2025-09-10T09:28:17.251020,12.14,75,light intensity shower rain,2025-09-10T04:52:54,2025-09-10T17:47:28
2025-09-10T09:58:17.410007,12.28,75,light intensity shower rain,2025-09-10T04:52:54,2025-09-10T17:47:28
2025-09-10T10:28:17.593371,13.3,40,scattered clouds,2025-09-10T04:52:54,2025-09-10T17:47:28
2025-09-10T10:58:17.779985,14.23,40,scattered clouds,2025-09-10T04:52:54,2025-09-10T17:47:28
2025-09-10T11:28:17.965427,15.31,20,few clouds,2025-09-10T04:52:54,2025-09-10T17:47:28
2025-09-10T11:58:18.155507,16.25,40,scattered clouds,2025-09-10T04:52:54,2025-09-10T17:47:28
2025-09-10T12:28:18.346493,16.36,40,scattered clouds,2025-09-10T04:52:54,2025-09-10T17:47:28
2025-09-10T12:58:18.523883,16.65,20,few clouds,2025-09-10T04:52:54,2025-09-10T17:47:28
2025-09-10T13:28:18.699353,17.5,20,few clouds,2025-09-10T04:52:54,2025-09-10T17:47:28
2025-09-10T13:58:18.889406,17.14,75,broken clouds,2025-09-10T04:52:54,2025-09-10T17:47:28
2025-09-10T14:28:19.077345,19.14,75,broken clouds,2025-09-10T04:52:54,2025-09-10T17:47:28
2025-09-10T14:58:19.306284,19.99,40,scattered clouds,2025-09-10T04:52:54,2025-09-10T17:47:28
2025-09-10T15:28:19.488569,19.14,40,scattered clouds,2025-09-10T04:52:54,2025-09-10T17:47:28
2025-09-10T15:58:19.676770,19.11,20,few clouds,2025-09-10T04:52:54,2025-09-10T17:47:28
2025-09-10T16:28:19.862752,19,20,few clouds,2025-09-10T04:52:54,2025-09-10T17:47:28
2025-09-10T16:58:20.051767,18.97,0,clear sky,2025-09-10T04:52:54,2025-09-10T17:47:28
2025-09-10T17:28:20.276729,17.98,40,scattered clouds,2025-09-10T04:52:54,2025-09-10T17:47:28
2025-09-10T17:58:20.444078,17.07,40,scattered clouds,2025-09-10T04:52:54,2025-09-10T17:47:28
2025-09-10T18:28:20.655888,16.07,20,few clouds,2025-09-10T04:52:54,2025-09-10T17:47:28
2025-09-10T18:58:20.865725,15.17,20,few clouds,2025-09-10T04:52:54,2025-09-10T17:47:28
2025-09-10T19:28:21.063810,15.08,20,few clouds,2025-09-10T04:52:54,2025-09-10T17:47:28
2025-09-10T19:58:21.238300,14.2,0,clear sky,2025-09-10T04:52:54,2025-09-10T17:47:28
2025-09-10T20:28:21.414870,13.29,0,clear sky,2025-09-10T04:52:54,2025-09-10T17:47:28
2025-09-10T20:58:21.621276,14.1,0,clear sky,2025-09-10T04:52:54,2025-09-10T17:47:28
2025-09-10T21:28:21.821063,14.07,0,clear sky,2025-09-10T04:52:54,2025-09-10T17:47:28
2025-09-10T21:58:22.082545,14.07,0,clear sky,2025-09-10T04:52:54,2025-09-10T17:47:28
2025-09-10T22:28:22.269138,13.03,0,clear sky,2025-09-11T04:54:17,2025-09-11T17:45:22
2025-09-10T22:58:22.442305,13.03,0,clear sky,2025-09-11T04:54:17,2025-09-11T17:45:22
2025-09-10T23:28:22.639921,12.1,0,clear sky,2025-09-11T04:54:17,2025-09-11T17:45:22
2025-09-10T23:58:22.817583,12.1,0,clear sky,2025-09-11T04:54:17,2025-09-11T17:45:22
2025-09-11T00:28:23.005100,12.92,0,clear sky,2025-09-11T04:54:17,2025-09-11T17:45:22
2025-09-11T00:58:23.218041,12.01,0,clear sky,2025-09-11T04:54:17,2025-09-11T17:45:22
2025-09-11T01:28:23.407849,11.92,0,clear sky,2025-09-11T04:54:17,2025-09-11T17:45:22
2025-09-11T01:58:23.599513,11.08,54,mist,2025-09-11T04:54:17,2025-09-11T17:45:22
2025-09-11T02:28:23.785144,11.92,0,clear sky,2025-09-11T04:54:17,2025-09-11T17:45:22
2025-09-11T02:58:23.938317,11.17,0,clear sky,2025-09-11T04:54:17,2025-09-11T17:45:22
2025-09-11T03:28:24.121005,12.84,0,clear sky,2025-09-11T04:54:17,2025-09-11T17:45:22
2025-09-11T03:58:24.304697,12.1,0,clear sky,2025-09-11T04:54:17,2025-09-11T17:45:22
2025-09-11T04:28:24.494581,11.27,0,light rain,2025-09-11T04:54:17,2025-09-11T17:45:22
2025-09-11T04:58:24.649687,11.27,20,few clouds,2025-09-11T04:54:17,2025-09-11T17:45:22
2025-09-11T05:28:24.828144,13.77,40,scattered clouds,2025-09-11T04:54:17,2025-09-11T17:45:22
2025-09-11T05:58:25.018463,14.93,75,light rain,2025-09-11T04:54:17,2025-09-11T17:45:22
2025-09-11T06:28:25.197400,15.02,20,light rain,2025-09-11T04:54:18,2025-09-11T17:45:22
2025-09-11T06:58:25.381846,15.06,40,scattered clouds,2025-09-11T04:54:17,2025-09-11T17:45:22
2025-09-11T07:28:25.564964,16.19,0,clear sky,2025-09-11T04:54:18,2025-09-11T17:45:22
2025-09-11T07:58:25.747196,17.27,20,few clouds,2025-09-11T04:54:17,2025-09-11T17:45:22
2025-09-11T08:28:25.939040,18.14,20,few clouds,2025-09-11T04:54:17,2025-09-11T17:45:22
2025-09-11T08:58:26.122971,18.17,75,broken clouds,2025-09-11T04:54:17,2025-09-11T17:45:22
2025-09-11T09:28:26.343915,18.5,40,scattered clouds,2025-09-11T04:54:17,2025-09-11T17:45:22
2025-09-11T09:58:26.534785,18.47,40,scattered clouds,2025-09-11T04:54:17,2025-09-11T17:45:22
2025-09-11T10:28:26.743195,19.41,40,scattered clouds,2025-09-11T04:54:17,2025-09-11T17:45:22
2025-09-11T10:58:26.913717,19.55,20,few clouds,2025-09-11T04:54:17,2025-09-11T17:45:22
2025-09-11T11:28:27.112546,19.18,75,broken clouds,2025-09-11T04:54:17,2025-09-11T17:45:22
2025-09-11T11:58:27.288963,16.33,75,broken clouds,2025-09-11T04:54:17,2025-09-11T17:45:22
2025-09-11T12:28:27.474751,19.28,23,few clouds,2025-09-11T04:54:17,2025-09-11T17:45:22
2025-09-11T12:58:27.664008,18.53,40,scattered clouds,2025-09-11T04:54:17,2025-09-11T17:45:22
2025-09-11T13:28:27.813655,18.53,40,scattered clouds,2025-09-11T04:54:17,2025-09-11T17:45:22
2025-09-11T13:58:28.000171,18.53,20,few clouds,2025-09-11T04:54:17,2025-09-11T17:45:22
2025-09-11T14:28:28.195288,18.41,40,scattered clouds,2025-09-11T04:54:17,2025-09-11T17:45:22
2025-09-11T14:58:28.353556,19.11,20,few clouds,2025-09-11T04:54:17,2025-09-11T17:45:22
2025-09-11T15:28:28.555844,19.11,40,scattered clouds,2025-09-11T04:54:17,2025-09-11T17:45:22
2025-09-11T15:58:28.744813,19,0,clear sky,2025-09-11T04:54:17,2025-09-11T17:45:22
2025-09-11T16:28:28.919879,18.12,0,clear sky,2025-09-11T04:54:17,2025-09-11T17:45:22
2025-09-11T16:58:29.100947,18.09,0,clear sky,2025-09-11T04:54:17,2025-09-11T17:45:22
2025-09-11T17:28:29.286551,17.98,0,clear sky,2025-09-11T04:54:17,2025-09-11T17:45:22
2025-09-11T17:58:29.523211,18,0,clear sky,2025-09-11T04:54:17,2025-09-11T17:45:22
2025-09-11T18:28:29.703666,16.88,0,clear sky,2025-09-11T04:54:18,2025-09-11T17:45:22
2025-09-11T18:58:29.935060,15.9,0,clear sky,2025-09-11T04:54:17,2025-09-11T17:45:22
2025-09-11T19:28:30.114299,15.7,0,clear sky,2025-09-11T04:54:17,2025-09-11T17:45:22
2025-09-11T19:58:30.282291,15.73,0,clear sky,2025-09-11T04:54:18,2025-09-11T17:45:22
2025-09-11T20:28:30.475577,15.62,0,clear sky,2025-09-11T04:54:17,2025-09-11T17:45:22
2025-09-11T20:58:30.668825,12.47,3,clear sky,2025-09-11T04:54:17,2025-09-11T17:45:22
2025-09-11T21:28:30.858948,14.59,0,clear sky,2025-09-11T04:54:17,2025-09-11T17:45:22
2025-09-11T21:58:31.168089,13.8,0,clear sky,2025-09-11T04:54:17,2025-09-11T17:45:22
2025-09-11T22:28:31.492710,12.84,0,clear sky,2025-09-12T04:55:40,2025-09-12T17:43:15
2025-09-11T22:58:31.671277,12.84,0,clear sky,2025-09-12T04:55:40,2025-09-12T17:43:15
2025-09-11T23:28:31.855685,12.75,0,clear sky,2025-09-12T04:55:40,2025-09-12T17:43:15
2025-09-11T23:58:32.037860,12.14,0,clear sky,2025-09-12T04:55:40,2025-09-12T17:43:15
2025-09-12T00:28:32.220528,11.92,0,clear sky,2025-09-12T04:55:40,2025-09-12T17:43:15
2025-09-12T00:58:32.371578,11.93,0,clear sky,2025-09-12T04:55:41,2025-09-12T17:43:15
2025-09-12T01:28:32.556899,11.17,0,clear sky,2025-09-12T04:55:40,2025-09-12T17:43:15
2025-09-12T01:58:32.741396,12.01,20,few clouds,2025-09-12T04:55:40,2025-09-12T17:43:15
2025-09-12T02:28:32.937524,12.94,20,few clouds,2025-09-12T04:55:40,2025-09-12T17:43:15
2025-09-12T02:58:33.110253,13.03,20,shower rain,2025-09-12T04:55:40,2025-09-12T17:43:15
2025-09-12T03:28:33.294645,13.86,40,light intensity shower rain,2025-09-12T04:55:40,2025-09-12T17:43:15
2025-09-12T03:58:33.482276,13.09,40,light intensity shower rain,2025-09-12T04:55:40,2025-09-12T17:43:15
2025-09-12T04:28:33.652306,13.09,75,shower rain,2025-09-12T04:55:40,2025-09-12T17:43:15
2025-09-12T04:58:33.848182,13.09,75,shower rain,2025-09-12T04:55:40,2025-09-12T17:43:15
2025-09-12T05:28:34.006611,13.06,100,shower rain,2025-09-12T04:55:40,2025-09-12T17:43:15
2025-09-12T05:58:34.188805,13.06,75,broken clouds,2025-09-12T04:55:40,2025-09-12T17:43:15
2025-09-12T06:28:34.378994,13.09,40,scattered clouds,2025-09-12T04:55:40,2025-09-12T17:43:15
2025-09-12T06:58:34.565103,13.09,0,clear sky,2025-09-12T04:55:40,2025-09-12T17:43:15
2025-09-12T07:28:34.742846,13.18,0,clear sky,2025-09-12T04:55:40,2025-09-12T17:43:15
2025-09-12T07:58:34.932898,14.35,0,clear sky,2025-09-12T04:55:40,2025-09-12T17:43:15
2025-09-12T08:28:35.115010,15.34,0,clear sky,2025-09-12T04:55:40,2025-09-12T17:43:15
2025-09-12T08:58:35.290440,16.31,20,few clouds,2025-09-12T04:55:40,2025-09-12T17:43:15
2025-09-12T09:28:35.471807,16.51,40,scattered clouds,2025-09-12T04:55:40,2025-09-12T17:43:15
2025-09-12T09:58:35.659582,16.57,20,few clouds,2025-09-12T04:55:40,2025-09-12T17:43:15
2025-09-12T10:28:35.830544,18.48,31,scattered clouds,2025-09-12T04:55:41,2025-09-12T17:43:15
2025-09-12T10:58:36.034385,17.59,20,few clouds,2025-09-12T04:55:40,2025-09-12T17:43:15
2025-09-12T11:28:36.222237,18.4,20,few clouds,2025-09-12T04:55:41,2025-09-12T17:43:15
2025-09-12T11:58:36.405183,18.5,20,few clouds,2025-09-12T04:55:40,2025-09-12T17:43:15
2025-09-12T12:28:36.621777,18.67,20,few clouds,2025-09-12T04:55:40,2025-09-12T17:43:15
2025-09-12T12:58:36.804531,19.11,0,clear sky,2025-09-12T04:55:40,2025-09-12T17:43:15
2025-09-12T13:28:36.995214,19.11,75,broken clouds,2025-09-12T04:55:40,2025-09-12T17:43:15
2025-09-12T13:58:37.173165,19.38,0,clear sky,2025-09-12T04:55:40,2025-09-12T17:43:15
2025-09-12T14:28:37.358063,19.23,0,clear sky,2025-09-12T04:55:40,2025-09-12T17:43:15
2025-09-12T14:58:37.532293,18.41,0,clear sky,2025-09-12T04:55:40,2025-09-12T17:43:15
2025-09-12T15:28:37.720052,19.11,0,clear sky,2025-09-12T04:55:40,2025-09-12T17:43:15
2025-09-12T15:58:37.905563,19,0,clear sky,2025-09-12T04:55:40,2025-09-12T17:43:15
2025-09-12T16:28:38.082790,18.09,0,clear sky,2025-09-12T04:55:40,2025-09-12T17:43:15
2025-09-12T16:58:38.269374,17.98,0,clear sky,2025-09-12T04:55:40,2025-09-12T17:43:15
2025-09-12T17:28:38.461367,17.07,0,clear sky,2025-09-12T04:55:40,2025-09-12T17:43:15
2025-09-12T17:58:39.658195,16.87,0,clear sky,2025-09-12T04:55:40,2025-09-12T17:43:15
2025-09-12T18:28:40.484056,15.96,0,clear sky,2025-09-12T04:55:40,2025-09-12T17:43:15
2025-09-12T18:58:41.259775,15.05,0,clear sky,2025-09-12T04:55:40,2025-09-12T17:43:15
2025-09-12T19:28:41.675152,14.96,0,clear sky,2025-09-12T04:55:40,2025-09-12T17:43:15
2025-09-12T19:58:41.866047,14.85,0,clear sky,2025-09-12T04:55:40,2025-09-12T17:43:15
2025-09-12T20:28:42.067108,12.39,0,clear sky,2025-09-12T04:55:40,2025-09-12T17:43:15
2025-09-12T20:58:42.254629,12.1,0,clear sky,2025-09-12T04:55:40,2025-09-12T17:43:15
2025-09-12T21:28:42.721628,12.89,0,clear sky,2025-09-12T04:55:40,2025-09-12T17:43:15
2025-09-12T21:58:42.944110,11.98,0,clear sky,2025-09-12T04:55:40,2025-09-12T17:43:15
2025-09-12T22:28:43.265626,12.06,0,clear sky,2025-09-13T04:57:04,2025-09-13T17:41:08
2025-09-12T22:58:43.589452,11.89,0,clear sky,2025-09-13T04:57:04,2025-09-13T17:41:08
2025-09-12T23:28:43.821034,11.08,0,clear sky,2025-09-13T04:57:04,2025-09-13T17:41:08
2025-09-12T23:58:44.043919,10.06,0,clear sky,2025-09-13T04:57:04,2025-09-13T17:41:08
2025-09-13T00:28:44.282149,9.14,0,clear sky,2025-09-13T04:57:04,2025-09-13T17:41:08
2025-09-13T00:58:44.481323,9.23,0,clear sky,2025-09-13T04:57:04,2025-09-13T17:41:08
2025-09-13T01:28:44.657997,9.23,0,clear sky,2025-09-13T04:57:04,2025-09-13T17:41:08
2025-09-13T01:58:44.857813,9.23,0,clear sky,2025-09-13T04:57:04,2025-09-13T17:41:08
2025-09-13T02:28:45.039809,10.06,0,clear sky,2025-09-13T04:57:04,2025-09-13T17:41:08
2025-09-13T02:58:45.217468,9.23,0,clear sky,2025-09-13T04:57:04,2025-09-13T17:41:08
2025-09-13T03:28:45.390380,10.06,0,clear sky,2025-09-13T04:57:04,2025-09-13T17:41:08
2025-09-13T03:58:45.560960,9.97,0,clear sky,2025-09-13T04:57:04,2025-09-13T17:41:08
2025-09-13T04:28:45.749379,9.97,0,clear sky,2025-09-13T04:57:04,2025-09-13T17:41:08
2025-09-13T04:58:45.930085,9.04,0,clear sky,2025-09-13T04:57:04,2025-09-13T17:41:08
2025-09-13T05:28:46.118544,9.04,0,clear sky,2025-09-13T04:57:04,2025-09-13T17:41:08
2025-09-13T05:58:46.269754,9.35,0,clear sky,2025-09-13T04:57:04,2025-09-13T17:41:08
2025-09-13T06:28:46.430610,9.97,0,clear sky,2025-09-13T04:57:04,2025-09-13T17:41:08
2025-09-13T06:58:46.637601,12.3,0,clear sky,2025-09-13T04:57:04,2025-09-13T17:41:08
2025-09-13T07:28:46.981821,13.12,0,clear sky,2025-09-13T04:57:04,2025-09-13T17:41:08
2025-09-13T07:58:47.314080,14.43,0,clear sky,2025-09-13T04:57:04,2025-09-13T17:41:08
2025-09-13T08:28:47.776217,17.13,0,clear sky,2025-09-13T04:57:04,2025-09-13T17:41:08
2025-09-13T08:58:47.953656,18.29,0,clear sky,2025-09-13T04:57:04,2025-09-13T17:41:08
2025-09-13T09:28:48.139549,19.15,0,clear sky,2025-09-13T04:57:04,2025-09-13T17:41:08
2025-09-13T09:58:48.351816,20.12,0,clear sky,2025-09-13T04:57:04,2025-09-13T17:41:08
2025-09-13T10:28:48.536094,20.15,0,clear sky,2025-09-13T04:57:04,2025-09-13T17:41:08
2025-09-13T11:28:49.135463,21.36,0,clear sky,2025-09-13T04:57:04,2025-09-13T17:41:08
2025-09-13T11:58:49.327061,21.09,0,clear sky,2025-09-13T04:57:04,2025-09-13T17:41:08
2025-09-13T12:28:49.615137,21.48,0,clear sky,2025-09-13T04:57:04,2025-09-13T17:41:08
2025-09-13T12:58:49.768667,21.51,0,clear sky,2025-09-13T04:57:04,2025-09-13T17:41:08
2025-09-13T13:28:49.970955,21.33,0,clear sky,2025-09-13T04:57:04,2025-09-13T17:41:08
2025-09-13T13:58:50.185281,21.25,0,clear sky,2025-09-13T04:57:04,2025-09-13T17:41:08
2025-09-13T14:28:50.366010,21.13,0,clear sky,2025-09-13T04:57:04,2025-09-13T17:41:08
2025-09-13T14:58:50.552984,21.13,0,clear sky,2025-09-13T04:57:04,2025-09-13T17:41:08
2025-09-13T15:28:50.715605,21.13,0,clear sky,2025-09-13T04:57:04,2025-09-13T17:41:08
2025-09-13T15:58:50.898450,20.25,0,clear sky,2025-09-13T04:57:04,2025-09-13T17:41:08
2025-09-13T16:28:51.084552,20.15,0,clear sky,2025-09-13T04:57:04,2025-09-13T17:41:08
2025-09-13T16:58:51.251131,19.14,0,clear sky,2025-09-13T04:57:04,2025-09-13T17:41:08
2025-09-13T17:28:51.443578,19.14,0,clear sky,2025-09-13T04:57:04,2025-09-13T17:41:08
2025-09-13T17:58:51.631069,18.12,0,clear sky,2025-09-13T04:57:04,2025-09-13T17:41:08
2025-09-13T18:28:51.849398,18.03,0,clear sky,2025-09-13T04:57:04,2025-09-13T17:41:08
2025-09-13T18:58:52.028708,18.03,0,clear sky,2025-09-13T04:57:04,2025-09-13T17:41:08
2025-09-13T19:28:52.234783,17.19,0,clear sky,2025-09-13T04:57:04,2025-09-13T17:41:08
2025-09-13T20:28:52.462901,17.1,20,light rain,2025-09-13T04:57:04,2025-09-13T17:41:08
2025-09-13T20:58:52.639081,17.01,20,shower rain,2025-09-13T04:57:04,2025-09-13T17:41:08
2025-09-13T21:28:52.813303,16.92,0,clear sky,2025-09-13T04:57:04,2025-09-13T17:41:08
2025-09-13T21:58:53.023159,16.08,0,moderate rain,2025-09-13T04:57:04,2025-09-13T17:41:08
2025-09-13T22:28:53.182034,16,20,light intensity shower rain,2025-09-14T04:58:27,2025-09-14T17:39:01
2025-09-13T22:58:53.372004,15.99,20,light intensity shower rain,2025-09-14T04:58:27,2025-09-14T17:39:01
2025-09-13T23:28:53.563217,15.11,40,light intensity shower rain,2025-09-14T04:58:27,2025-09-14T17:39:01
2025-09-13T23:58:53.715005,15.1,75,light intensity shower rain,2025-09-14T04:58:27,2025-09-14T17:39:01
2025-09-14T00:28:53.885505,14.14,40,shower rain,2025-09-14T04:58:27,2025-09-14T17:39:01
2025-09-14T00:58:54.060028,14.14,75,broken clouds,2025-09-14T04:58:27,2025-09-14T17:39:01
2025-09-14T01:28:54.240154,14.14,75,broken clouds,2025-09-14T04:58:27,2025-09-14T17:39:01
2025-09-14T01:58:54.434687,14.2,75,light rain,2025-09-14T04:58:27,2025-09-14T17:39:01
2025-09-14T02:28:54.631742,14.2,75,light intensity shower rain,2025-09-14T04:58:27,2025-09-14T17:39:01
2025-09-14T02:58:54.819952,14.14,75,shower rain,2025-09-14T04:58:27,2025-09-14T17:39:01
2025-09-14T03:28:55.009164,13.29,75,light intensity shower rain,2025-09-14T04:58:27,2025-09-14T17:39:01
2025-09-14T03:58:55.194136,13.26,75,shower rain,2025-09-14T04:58:27,2025-09-14T17:39:01
2025-09-14T04:28:55.376961,13.26,75,broken clouds,2025-09-14T04:58:27,2025-09-14T17:39:01
2025-09-14T04:58:55.563514,13.18,75,broken clouds,2025-09-14T04:58:27,2025-09-14T17:39:01
2025-09-14T05:28:55.752311,13.18,100,light rain,2025-09-14T04:58:27,2025-09-14T17:39:01
2025-09-14T05:58:55.941665,13.18,75,light intensity shower rain,2025-09-14T04:58:27,2025-09-14T17:39:01
2025-09-14T06:28:56.101826,13.17,20,shower rain,2025-09-14T04:58:27,2025-09-14T17:39:01
2025-09-14T06:58:56.296892,13.18,20,shower rain,2025-09-14T04:58:27,2025-09-14T17:39:01
2025-09-14T07:28:56.467140,13.18,20,few clouds,2025-09-14T04:58:27,2025-09-14T17:39:01
2025-09-14T07:58:56.643391,14.17,75,broken clouds,2025-09-14T04:58:27,2025-09-14T17:39:01
2025-09-14T08:28:56.867619,14.32,75,broken clouds,2025-09-14T04:58:27,2025-09-14T17:39:01
2025-09-14T08:58:57.067802,15.19,20,few clouds,2025-09-14T04:58:27,2025-09-14T17:39:01
2025-09-14T09:28:57.251513,16.16,40,scattered clouds,2025-09-14T04:58:27,2025-09-14T17:39:01
2025-09-14T09:58:57.440127,16.16,75,broken clouds,2025-09-14T04:58:27,2025-09-14T17:39:01
2025-09-14T10:28:57.959604,18.06,20,light rain,2025-09-14T04:58:27,2025-09-14T17:39:01
2025-09-14T10:58:58.450254,18.09,75,light intensity shower rain,2025-09-14T04:58:27,2025-09-14T17:39:01
2025-09-14T11:28:58.966029,18.09,75,light rain,2025-09-14T04:58:27,2025-09-14T17:39:01
2025-09-14T11:58:59.249806,19,75,broken clouds,2025-09-14T04:58:27,2025-09-14T17:39:01
2025-09-14T12:28:59.446233,18.06,75,moderate rain,2025-09-14T04:58:27,2025-09-14T17:39:01
2025-09-14T12:58:59.631533,18.03,40,moderate rain,2025-09-14T04:58:27,2025-09-14T17:39:01
2025-09-14T13:28:59.814152,17.95,75,light rain,2025-09-14T04:58:27,2025-09-14T17:39:01
2025-09-14T13:59:00.016578,17.13,75,light rain,2025-09-14T04:58:27,2025-09-14T17:39:01
2025-09-14T14:29:00.202990,17.13,75,broken clouds,2025-09-14T04:58:27,2025-09-14T17:39:01
2025-09-14T14:59:00.379312,18,20,few clouds,2025-09-14T04:58:27,2025-09-14T17:39:01
2025-09-14T15:29:00.607793,18,0,clear sky,2025-09-14T04:58:27,2025-09-14T17:39:01
2025-09-14T15:59:00.781322,18,75,broken clouds,2025-09-14T04:58:27,2025-09-14T17:39:01
2025-09-14T16:29:00.967438,18.12,20,few clouds,2025-09-14T04:58:27,2025-09-14T17:39:01
2025-09-14T16:59:01.150355,18.09,20,few clouds,2025-09-14T04:58:27,2025-09-14T17:39:01
2025-09-14T17:29:01.369786,17.1,0,clear sky,2025-09-14T04:58:27,2025-09-14T17:39:01
